model_key,label,group,kind,params_M,params_raw,weights_mb,n_modules,n_targets,targets,native_sr,native_ch,macs_G,flops_G,flops_coverage,peak_vram_mb,peak_vram_infer_mb,latency_s,rtf,load_s,device,notes,status,thop_G,thop_dev_pct,thop_note
oracle,IRM/IBM Oracle,analytic,analytic,0.0,0,,0,,,44100,2,0.0,0.0,no torch ops dispatched (analytic/classical),,0.0,0.0,0.0,0.03,cuda,,PASS,,,no nn.Module (analytic/classical) - thop N/A by construction
rpca,RPCA (Inexact-ALM),analytic,classical,0.0,0,,0,1,vocals,44100,2,0.0,0.0,no torch ops dispatched (analytic/classical),,0.0,82.5301,8.253,0.14,cuda,,PASS,,,no nn.Module (analytic/classical) - thop N/A by construction
umx,Open-Unmix (umxhq),4-stem,deep,35.577,35577488,,1,4,"bass,drums,other,vocals",44100,2,14.292,14.292,torch-dispatch (conv/linear/matmul/norm only),1227.9,1226.0,0.2,0.02,0.33,cuda,,PASS,,,"thop cannot profile this model (ValueError:not enough values to unpack (expected 3, got 2)); FlopCounterMode lower bound stands"
mdx,MDX-Net (mdx_extra),4-stem,deep,334.544,334543632,,1,4,"bass,drums,other,vocals",44100,2,777.218,777.218,torch-dispatch (conv/linear/matmul/norm only),1912.8,1930.9,0.7373,0.0737,2.46,cuda,,PASS,,,thop cannot profile this model (NotImplementedError:Call `apply_model` on this.); FlopCounterMode lower bound stands
convtasnet,Conv-TasNet (musdb18),4-stem,deep,13.395,13394513,,1,4,"bass,drums,other,vocals",44100,2,1171.744,1171.744,torch-dispatch (conv/linear/matmul/norm only),606.6,606.6,1.5221,0.1522,0.2,cuda,,PASS,,,thop cannot profile this model (ValueError:Not support 2 dimension input); FlopCounterMode lower bound stands
mmdenselstm,MMDenseLSTM (musdb18),4-stem,deep,5.487,5487232,,1,4,"bass,drums,other,vocals",44100,2,294.469,294.469,torch-dispatch (conv/linear/matmul/norm only),643.0,643.4,0.3331,0.0333,0.57,cuda,,PASS,,,thop cannot profile this model (AssertionError:input is expected 4D input.); FlopCounterMode lower bound stands
bsroformer_l12,"BS-RoFormer L12 (ep_317, vocals)",1-target,deep,159.758,159758092,,1,1,vocals,44100,2,43480.878,43480.878,torch-dispatch (conv/linear/matmul/norm only),3394.3,3394.3,4.5208,0.4521,2.87,cuda,,PASS,,,thop cannot profile this model (AssertionError:stereo needs to be set to True if passing in audio signal th); FlopCounterMode lower bound stands
bsroformer_l6,"BS-RoFormer L6 (ep_937, vocals+other)",2-target,deep,98.195,98194828,,1,1,other,44100,2,14975.185,14975.185,torch-dispatch (conv/linear/matmul/norm only),2087.4,2087.4,2.1702,0.217,1.93,cuda,,PASS,,,thop cannot profile this model (AssertionError:stereo needs to be set to True if passing in audio signal th); FlopCounterMode lower bound stands
bsrnn,"BSRNN (oBSRNN, vocals)",1-target,deep,40.777,40777192,,1,1,vocals,44100,2,955.494,955.494,torch-dispatch (conv/linear/matmul/norm only),1675.0,1675.0,1.0814,0.1081,3.5,cuda,,PASS,3428.841,258.86,"BSRNN @ 1,C,T; thop=2xMACs  [FLAG: dev>5% -> count coverage differs]"
bsrnn_all,"BSRNN (oBSRNN, 4-stem)",4-stem,deep,164.119,164119072,,4,4,"vocals,drums,bass,other",44100,2,3891.294,3891.294,torch-dispatch (conv/linear/matmul/norm only),2637.4,2637.4,5.7328,0.5733,8.45,cuda,,PASS,4596.885,,"BSRNN @ 1,C,T; thop=2xMACs; AGGREGATED loader (4 nets) -> thop saw 1 net only, deviation NOT comparable"
bsrnn_large,BSRNN large (vocals),1-target,deep,36.417,36417160,,1,1,vocals,44100,2,276.819,276.819,torch-dispatch (conv/linear/matmul/norm only),1657.4,1657.4,0.6294,0.0629,1.15,cuda,,PASS,2972.845,973.93,"BSRNN @ 1,C,T; thop=2xMACs  [FLAG: dev>5% -> count coverage differs]"
bsrnn_large_all,BSRNN large (4-stem),4-stem,deep,146.656,146655904,,4,4,"vocals,drums,bass,other",44100,2,1126.935,1126.935,torch-dispatch (conv/linear/matmul/norm only),2567.9,2567.9,2.9494,0.2949,4.63,cuda,,PASS,3985.182,,"BSRNN @ 1,C,T; thop=2xMACs; AGGREGATED loader (4 nets) -> thop saw 1 net only, deviation NOT comparable"
bsrnn_simo,BSRNN SIMO (4-stem),4-stem,deep,108.728,108727540,,1,4,"vocals,drums,bass,other",44100,2,1540.109,1540.109,torch-dispatch (conv/linear/matmul/norm only),2483.0,2483.0,1.2105,0.121,3.97,cuda,,PASS,4978.665,223.27,"BSRNN @ 1,C,T; thop=2xMACs  [FLAG: dev>5% -> count coverage differs]"
demucs,Demucs (htdemucs),4-stem,deep,41.984,41984456,,1,4,"bass,drums,other,vocals",44100,2,508.127,508.127,torch-dispatch (conv/linear/matmul/norm only),599.7,599.7,0.2749,0.0275,0.35,cuda,,PASS,,,thop cannot profile this model (NotImplementedError:Call `apply_model` on this.); FlopCounterMode lower bound stands
dprnn,"DPRNN (自训, 4-stem)",4-stem,deep,3.686,3685761,,1,4,"bass,drums,other,vocals",44100,2,30.573,30.573,torch-dispatch (conv/linear/matmul/norm only),579.7,579.7,0.103,0.0103,0.21,cuda,,PASS,,,thop cannot profile this model (RuntimeError:Calculated padded input size per channel: (2). Kernel size: ); FlopCounterMode lower bound stands
mel_roformer_denoise,Mel-RoFormer-Denoise (aufr33),denoise,deep,228.203,228202852,913.1,1,1,enhanced,44100,2,4030.469,4030.469,torch-dispatch (conv/linear/matmul/norm only),2011.2,2011.2,0.9802,0.098,2.22,cuda,,PASS,,,thop cannot profile this model (AssertionError:stereo needs to be set to True if passing in audio signal th); FlopCounterMode lower bound stands
mel_roformer_denoise_aggr,Mel-RoFormer-Denoise (aggr),denoise,deep,228.203,228202852,913.1,1,1,enhanced,44100,2,4030.469,4030.469,torch-dispatch (conv/linear/matmul/norm only),2011.2,2011.2,0.9732,0.0973,2.39,cuda,,PASS,,,thop cannot profile this model (AssertionError:stereo needs to be set to True if passing in audio signal th); FlopCounterMode lower bound stands
mel_roformer_dereverb,Dereverb-Mel-RoFormer,dereverb,deep,228.203,228202852,913.11,1,1,enhanced,44100,2,4030.469,4030.469,torch-dispatch (conv/linear/matmul/norm only),2011.2,2011.2,0.9809,0.0981,2.44,cuda,,PASS,,,thop cannot profile this model (AssertionError:stereo needs to be set to True if passing in audio signal th); FlopCounterMode lower bound stands
mel_roformer_dereverb_echo,Dereverb-Echo-Mel-RoFormer,dereverb,deep,208.88,208880476,836.0,1,2,"dry,other",44100,2,3447.121,3447.121,torch-dispatch (conv/linear/matmul/norm only),1869.2,1869.2,1.0182,0.1018,2.23,cuda,,PASS,,,thop cannot profile this model (AssertionError:stereo needs to be set to True if passing in audio signal th); FlopCounterMode lower bound stands
denoiser_dns48,denoiser dns48 (16 kHz),denoise,deep,18.868,18867937,75.48,1,1,enhanced,16000,1,39.135,39.135,torch-dispatch (conv/linear/matmul/norm only),233.3,233.4,0.0845,0.0084,0.31,cuda,,PASS,,,thop cannot profile this model (RuntimeError:Input type (torch.FloatTensor) and weight type (torch.cuda.F); FlopCounterMode lower bound stands
denoiser_dns64,denoiser dns64 (16 kHz),denoise,deep,33.534,33533569,134.14,1,1,enhanced,16000,1,69.032,69.032,torch-dispatch (conv/linear/matmul/norm only),343.2,343.2,0.1263,0.0126,0.42,cuda,,PASS,,,thop cannot profile this model (RuntimeError:Input type (torch.FloatTensor) and weight type (torch.cuda.F); FlopCounterMode lower bound stands
denoiser_master64,denoiser master64 (16 kHz),denoise,deep,33.534,33533569,134.14,1,1,enhanced,16000,1,69.032,69.032,torch-dispatch (conv/linear/matmul/norm only),343.2,343.2,0.1269,0.0127,0.43,cuda,,PASS,,,thop cannot profile this model (RuntimeError:Input type (torch.FloatTensor) and weight type (torch.cuda.F); FlopCounterMode lower bound stands
