song,method,target,SDR,delta_SDR,ISR,SAR,SI_SDR,delta_SI_SDR,runtime_s,note
A Classic Education - NightOwl,Baseline: mixture (no separation),vocals,-9.1630308925236,0.0,24.799561512416656,-9.175675784124945,-10.934023398240756,0.0,0.0,"直接拿混音当估计, 用于标定各方法是否真的有效"
A Classic Education - NightOwl,Baseline: mixture (no separation),drums,-17.933059067316538,0.0,14.899544538901868,-17.9544868321753,-18.01324247438206,0.0,0.0,同上的鼓目标基线
A Classic Education - NightOwl,"ICA (FastICA, best of 2)",vocals,-26.4374225378101,-17.27,-15.685246364101733,-9.287496887992257,-10.995487680569248,-0.06,0.39,盲源分离: 立体声 2ch -> 2 分量
A Classic Education - NightOwl,"NMF (unsupervised, k=50)",vocals,-8.558731930947424,0.6,25.378819343212484,-8.581929493419176,-9.94625667768672,0.99,18.6,"分量按时域稀疏度聚 2 组, 取更间歇者为 vocals"
A Classic Education - NightOwl,NMF (oracle grouping),vocals,-8.558731930947424,0.6,25.378819343212484,-8.581929493419176,-9.94625667768672,0.99,3.96,分组用真值挑选 -> 上界参考
A Classic Education - NightOwl,RPCA (Inexact ALM),vocals,-1.2055552233544238,7.96,7.875778803966714,-4.382375120241374,-6.730622387067657,4.2,155.06,"低秩=伴奏, 稀疏=人声"
A Classic Education - NightOwl,HPSS (percussive),drums,-3.548973503723693,14.38,3.457013324563209,-10.31031960889756,-11.813269279875943,6.2,2.44,"谐波-打击分离, 取打击分量"
A Classic Education - NightOwl,HPSS (harmonic),vocals,-8.33248978581977,0.83,12.46817986945473,-10.752273193186975,-12.370929752591891,-1.44,2.25,取谐波分量当人声 (对照)
A Classic Education - NightOwl,Open-Unmix umxhq (vocals),vocals,6.546077151541583,15.71,13.012201130113885,6.038096178195559,6.712319870367754,17.65,8.88,"预训练深度模型 (CPU 推理, umxhq)"
A Classic Education - NightOwl,Open-Unmix umxhq (drums),drums,1.930178849044104,19.86,2.7700577923090686,1.6807375597527017,-2.547586922332556,15.47,0.05,"预训练深度模型 (CPU 推理, umxhq)"
ANiMAL - Clinic A,Baseline: mixture (no separation),vocals,-2.8596925835347218,0.0,29.50230808516867,-2.800458424321069,-3.0445329538380363,0.0,0.0,"直接拿混音当估计, 用于标定各方法是否真的有效"
ANiMAL - Clinic A,Baseline: mixture (no separation),drums,-9.011610724926564,0.0,22.439817384123245,-9.091177627584335,-8.8012173620698,0.0,0.0,同上的鼓目标基线
ANiMAL - Clinic A,"ICA (FastICA, best of 2)",vocals,-25.793679573110936,-22.93,-20.586431840954713,-2.839440544568432,-3.0794191193715204,-0.03,0.15,盲源分离: 立体声 2ch -> 2 分量
ANiMAL - Clinic A,"NMF (unsupervised, k=50)",vocals,0.7728954950981222,3.63,1.0491741913473398,1.133698656701243,-6.08675353516243,-3.04,2.85,"分量按时域稀疏度聚 2 组, 取更间歇者为 vocals"
ANiMAL - Clinic A,NMF (oracle grouping),vocals,-3.050561239211187,-0.19,11.804746894063008,-3.9695712516589623,-4.620337264507546,-1.58,1.32,分组用真值挑选 -> 上界参考
ANiMAL - Clinic A,RPCA (Inexact ALM),vocals,1.7443787286165435,4.6,9.317288185908568,-0.8352659206371993,-1.4820744074746757,1.56,76.32,"低秩=伴奏, 稀疏=人声"
ANiMAL - Clinic A,HPSS (percussive),drums,-2.9880506497656536,6.02,3.3554360302699617,-11.010376349670882,-11.825517652347735,-3.02,2.03,"谐波-打击分离, 取打击分量"
ANiMAL - Clinic A,HPSS (harmonic),vocals,-1.0689278585844315,1.79,6.249815527864991,-5.416998364195752,-6.018655856446781,-2.97,2.07,取谐波分量当人声 (对照)
ANiMAL - Clinic A,Open-Unmix umxhq (vocals),vocals,5.916868171522245,8.78,10.34516567211805,6.61473621433532,5.296504488582907,8.34,3.43,"预训练深度模型 (CPU 推理, umxhq)"
ANiMAL - Clinic A,Open-Unmix umxhq (drums),drums,6.902238734174304,15.91,10.522142736882289,7.679508666305168,6.22520994191723,15.03,0.05,"预训练深度模型 (CPU 推理, umxhq)"
ANiMAL - Easy Tiger,Baseline: mixture (no separation),vocals,-21.095332471227724,0.0,18.150191210551046,-20.80416991855533,-9.86649365969507,0.0,0.0,"直接拿混音当估计, 用于标定各方法是否真的有效"
ANiMAL - Easy Tiger,Baseline: mixture (no separation),drums,-0.8962970044754405,0.0,31.479809722643637,-0.9333432005487272,-0.708142169416791,0.0,0.0,同上的鼓目标基线
ANiMAL - Easy Tiger,"ICA (FastICA, best of 2)",vocals,-41.72213811362285,-20.63,-21.288027720866506,-20.92863925898413,-10.012286364543963,-0.15,0.44,盲源分离: 立体声 2ch -> 2 分量
ANiMAL - Easy Tiger,"NMF (unsupervised, k=50)",vocals,-14.330400813105058,6.76,0.5035833314021719,-27.936474967547777,-23.16831537188513,-13.3,4.1,"分量按时域稀疏度聚 2 组, 取更间歇者为 vocals"
ANiMAL - Easy Tiger,NMF (oracle grouping),vocals,-19.140858941505037,1.95,14.227073879077857,-19.772715007914663,-9.241899796714115,0.62,1.31,分组用真值挑选 -> 上界参考
ANiMAL - Easy Tiger,RPCA (Inexact ALM),vocals,-14.671471297373394,6.42,11.542429845139344,-17.537841861974165,-6.8278660070044666,3.04,247.81,"低秩=伴奏, 稀疏=人声"
ANiMAL - Easy Tiger,HPSS (percussive),drums,3.4413105009284544,4.34,4.918487743096055,3.766961834269943,-0.4549110447946672,0.25,3.16,"谐波-打击分离, 取打击分量"
ANiMAL - Easy Tiger,HPSS (harmonic),vocals,-18.342041585647728,2.75,6.235170917525441,-23.511933615517275,-13.298391052596205,-3.43,3.2,取谐波分量当人声 (对照)
ANiMAL - Easy Tiger,Open-Unmix umxhq (vocals),vocals,3.1371094314263894,24.23,15.793148473203209,3.258068515398377,9.36268549225358,19.23,22.27,"预训练深度模型 (CPU 推理, umxhq)"
ANiMAL - Easy Tiger,Open-Unmix umxhq (drums),drums,5.980498070539398,6.88,10.263679906329408,7.847193232824964,5.894752558954039,6.6,0.07,"预训练深度模型 (CPU 推理, umxhq)"
ANiMAL - Rockshow,Baseline: mixture (no separation),vocals,-6.025789837040852,0.0,26.295812601407455,-6.033586454380991,-7.830997273571041,0.0,0.0,"直接拿混音当估计, 用于标定各方法是否真的有效"
ANiMAL - Rockshow,Baseline: mixture (no separation),drums,-2.9434908228225733,0.0,30.1482583819704,-2.9737282142728905,-3.103313196522185,0.0,0.0,同上的鼓目标基线
ANiMAL - Rockshow,"ICA (FastICA, best of 2)",vocals,-26.14799134148894,-20.12,-19.886859569644734,-5.991435280181085,-7.805520381577923,0.03,0.32,盲源分离: 立体声 2ch -> 2 分量
ANiMAL - Rockshow,"NMF (unsupervised, k=50)",vocals,-2.7164997415790415,3.31,27.51713865068836,-2.792924398118541,-3.89780444959344,3.93,13.1,"分量按时域稀疏度聚 2 组, 取更间歇者为 vocals"
ANiMAL - Rockshow,NMF (oracle grouping),vocals,-2.7164997415790415,3.31,27.51713865068836,-2.792924398118541,-3.89780444959344,3.93,3.96,分组用真值挑选 -> 上界参考
ANiMAL - Rockshow,RPCA (Inexact ALM),vocals,-0.2870978036492022,5.74,9.250126347113884,-3.0408534245521275,-4.855100255951869,2.98,229.41,"低秩=伴奏, 稀疏=人声"
ANiMAL - Rockshow,HPSS (percussive),drums,1.5949567611283235,4.54,5.433346177156139,-2.106418978975111,-2.6054484094805757,0.5,2.06,"谐波-打击分离, 取打击分量"
ANiMAL - Rockshow,HPSS (harmonic),vocals,-2.841066906988239,3.18,5.173665853664499,-8.419016374660558,-11.647777124390771,-3.82,2.05,取谐波分量当人声 (对照)
ANiMAL - Rockshow,Open-Unmix umxhq (vocals),vocals,4.947771149476182,10.97,20.21433984109123,4.600774882956397,3.686749392583896,11.52,3.47,"预训练深度模型 (CPU 推理, umxhq)"
ANiMAL - Rockshow,Open-Unmix umxhq (drums),drums,5.720842825369957,8.66,11.362287988194632,4.503246878109496,4.349218445274518,7.45,0.05,"预训练深度模型 (CPU 推理, umxhq)"
Actions - Devil's Words,Baseline: mixture (no separation),vocals,-4.429592380256649,0.0,16.163052782985375,-4.349927305249156,-9.77991774573908,0.0,0.0,"直接拿混音当估计, 用于标定各方法是否真的有效"
Actions - Devil's Words,Baseline: mixture (no separation),drums,-1.5474018652301182,0.0,34.349986027652,-1.5626292868554692,-1.7353803191611066,0.0,0.0,同上的鼓目标基线
Actions - Devil's Words,"ICA (FastICA, best of 2)",vocals,-24.708125391724927,-20.28,-19.670696703536127,-4.350067663399825,-9.77554442743967,0.0,0.14,盲源分离: 立体声 2ch -> 2 分量
Actions - Devil's Words,"NMF (unsupervised, k=50)",vocals,0.10809199815312474,4.54,28.60759212662758,-0.00038629917753732154,-6.318900666237762,3.46,3.06,"分量按时域稀疏度聚 2 组, 取更间歇者为 vocals"
Actions - Devil's Words,NMF (oracle grouping),vocals,0.10809199815312474,4.54,28.60759212662758,-0.00038629917753732154,-6.318900666237762,3.46,1.32,分组用真值挑选 -> 上界参考
Actions - Devil's Words,RPCA (Inexact ALM),vocals,0.251670702558565,4.68,12.205969766427,-1.5965903620656874,-5.557870606664565,4.22,61.41,"低秩=伴奏, 稀疏=人声"
Actions - Devil's Words,HPSS (percussive),drums,2.46283249947772,4.01,4.29321856602526,-0.02491975189679345,-0.7146431953303988,1.02,1.97,"谐波-打击分离, 取打击分量"
Actions - Devil's Words,HPSS (harmonic),vocals,-2.4314649401661854,2.0,10.482723678917083,-3.7286755535214184,-8.278678463205257,1.5,1.99,取谐波分量当人声 (对照)
Actions - Devil's Words,Open-Unmix umxhq (vocals),vocals,10.206531473836487,14.64,19.569565025540317,11.068193513408923,12.567341393438952,22.35,3.15,"预训练深度模型 (CPU 推理, umxhq)"
Actions - Devil's Words,Open-Unmix umxhq (drums),drums,6.40054061477198,7.95,12.414756107719603,6.353293291082959,5.7336411885757474,7.47,0.04,"预训练深度模型 (CPU 推理, umxhq)"
Actions - One Minute Smile,Baseline: mixture (no separation),vocals,-3.7159122570000336,0.0,28.246375685949673,-3.792613066568723,-3.6589631544319206,0.0,0.0,"直接拿混音当估计, 用于标定各方法是否真的有效"
Actions - One Minute Smile,Baseline: mixture (no separation),drums,-5.565873379935908,0.0,27.166853080018,-5.603620137368593,-5.444121482708512,0.0,0.0,同上的鼓目标基线
Actions - One Minute Smile,"ICA (FastICA, best of 2)",vocals,-23.644633530987026,-19.93,-19.079711967244087,-3.7637199761459588,-3.669746193641117,-0.01,0.14,盲源分离: 立体声 2ch -> 2 分量
Actions - One Minute Smile,"NMF (unsupervised, k=50)",vocals,-2.710514008926962,1.01,29.721797430245118,-2.802207263290607,-2.454298880397719,1.2,3.15,"分量按时域稀疏度聚 2 组, 取更间歇者为 vocals"
Actions - One Minute Smile,NMF (oracle grouping),vocals,-2.710514008926962,1.01,29.721797430245118,-2.802207263290607,-2.454298880397719,1.2,1.34,分组用真值挑选 -> 上界参考
Actions - One Minute Smile,RPCA (Inexact ALM),vocals,1.2821476684997455,5.0,8.402605173893154,-1.9185486313141702,-1.6299643731843203,2.03,84.4,"低秩=伴奏, 稀疏=人声"
Actions - One Minute Smile,HPSS (percussive),drums,0.5583637658219458,6.12,4.26593819626265,-4.867512969567715,-4.899612088297638,0.54,1.97,"谐波-打击分离, 取打击分量"
Actions - One Minute Smile,HPSS (harmonic),vocals,-1.5678276106636915,2.15,9.753240615455049,-3.8984467835735943,-3.7343672060605404,-0.08,2.01,取谐波分量当人声 (对照)
Actions - One Minute Smile,Open-Unmix umxhq (vocals),vocals,4.618947777321859,8.33,9.226423178547801,5.896464593365418,3.1924848688413885,6.85,3.29,"预训练深度模型 (CPU 推理, umxhq)"
Actions - One Minute Smile,Open-Unmix umxhq (drums),drums,2.2594457890181854,7.83,8.876262360154293,2.3358040984007937,0.6200619250164886,6.06,0.05,"预训练深度模型 (CPU 推理, umxhq)"
Actions - South Of The Water,Baseline: mixture (no separation),vocals,-8.95457496850344,0.0,27.417481857366894,-9.013185978983309,-9.029823890986652,0.0,0.0,"直接拿混音当估计, 用于标定各方法是否真的有效"
Actions - South Of The Water,Baseline: mixture (no separation),drums,-6.704466497511272,0.0,24.669306781307743,-6.805864524843416,-8.542348318225805,0.0,0.0,同上的鼓目标基线
Actions - South Of The Water,"ICA (FastICA, best of 2)",vocals,-31.806790782191335,-22.85,-22.93267264125934,-9.014619546248252,-9.03190050104462,-0.0,0.17,盲源分离: 立体声 2ch -> 2 分量
Actions - South Of The Water,"NMF (unsupervised, k=50)",vocals,-3.20124410002646,5.75,0.013929392662985707,-38.0911314650159,-58.4335210384349,-49.4,9.73,"分量按时域稀疏度聚 2 组, 取更间歇者为 vocals"
Actions - South Of The Water,NMF (oracle grouping),vocals,-7.30226269914008,1.65,28.898958390650115,-7.401297376781711,-7.0993378699728265,1.93,5.26,分组用真值挑选 -> 上界参考
Actions - South Of The Water,RPCA (Inexact ALM),vocals,-3.050139833862697,5.9,7.973238610456744,-6.944643529217824,-7.855304877223775,1.17,90.98,"低秩=伴奏, 稀疏=人声"
Actions - South Of The Water,HPSS (percussive),drums,1.6022434178266507,8.31,3.668375238619995,-1.0884132031370561,-3.3795402417323475,5.16,2.09,"谐波-打击分离, 取打击分量"
Actions - South Of The Water,HPSS (harmonic),vocals,-7.302259374147547,1.65,13.057250662186522,-9.12355364624893,-9.717924504495997,-0.69,2.08,取谐波分量当人声 (对照)
Actions - South Of The Water,Open-Unmix umxhq (vocals),vocals,-7.215690611011953,1.74,0.21595088163567408,-3.4583748269541283,-7.8207813495656335,1.21,3.9,"预训练深度模型 (CPU 推理, umxhq)"
Actions - South Of The Water,Open-Unmix umxhq (drums),drums,-0.23488091369776087,6.47,4.438849876915335,1.8829765520387292,-1.7451776144657143,6.8,0.05,"预训练深度模型 (CPU 推理, umxhq)"
Aimee Norwich - Child,Baseline: mixture (no separation),vocals,-103.8290009633075,0.0,-10.463972055998617,-93.43047632167227,-19.493819280246644,0.0,0.0,"直接拿混音当估计, 用于标定各方法是否真的有效"
Aimee Norwich - Child,Baseline: mixture (no separation),drums,-4.809221117844836,0.0,32.68657399209345,-4.866956762301124,-3.2509766594102487,0.0,0.0,同上的鼓目标基线
Aimee Norwich - Child,"ICA (FastICA, best of 2)",vocals,-121.76947833746172,-17.94,-28.89335911159573,-93.31423964857636,-19.428664609532692,0.07,0.17,盲源分离: 立体声 2ch -> 2 分量
Aimee Norwich - Child,"NMF (unsupervised, k=50)",vocals,-100.5943866882626,3.23,-4.023485546425131,-95.49068982681712,-14.57674812765319,4.92,3.83,"分量按时域稀疏度聚 2 组, 取更间歇者为 vocals"
Aimee Norwich - Child,NMF (oracle grouping),vocals,-100.5943866882626,3.23,-4.023485546425131,-95.49068982681712,-14.57674812765319,4.92,1.34,分组用真值挑选 -> 上界参考
Aimee Norwich - Child,RPCA (Inexact ALM),vocals,-97.60082650691074,6.23,-1.5785597825801732,-97.04815473733392,-17.597241046887255,1.9,51.1,"低秩=伴奏, 稀疏=人声"
Aimee Norwich - Child,HPSS (percussive),drums,2.00275423690421,6.81,4.004245335032081,0.014450725740498199,-0.55107836955874,2.7,2.09,"谐波-打击分离, 取打击分量"
Aimee Norwich - Child,HPSS (harmonic),vocals,-100.89131417541313,2.94,-8.240636416214016,-92.51803574643264,-18.994786152043723,0.5,2.09,取谐波分量当人声 (对照)
Aimee Norwich - Child,Open-Unmix umxhq (vocals),vocals,-49.77113918071669,54.06,2.128279134110262,-52.088694988867424,1.0366882195572216,20.53,4.57,"预训练深度模型 (CPU 推理, umxhq)"
Aimee Norwich - Child,Open-Unmix umxhq (drums),drums,5.5287202128422175,10.34,15.953193173863712,5.160884038190345,5.848291066118919,9.1,0.05,"预训练深度模型 (CPU 推理, umxhq)"
Alexander Ross - Goodbye Bolero,Baseline: mixture (no separation),vocals,-2.51548721018371,0.0,32.08841919026413,-2.5403962030589815,-4.661499726696245,0.0,0.0,"直接拿混音当估计, 用于标定各方法是否真的有效"
Alexander Ross - Goodbye Bolero,Baseline: mixture (no separation),drums,-6.137812579671862,0.0,26.50875613515924,-6.022553542737002,-6.224051297392721,0.0,0.0,同上的鼓目标基线
Alexander Ross - Goodbye Bolero,"ICA (FastICA, best of 2)",vocals,-26.069702711019644,-23.55,-21.08167273205212,-2.5454244307594,-4.665234449191355,-0.0,0.16,盲源分离: 立体声 2ch -> 2 分量
Alexander Ross - Goodbye Bolero,"NMF (unsupervised, k=50)",vocals,-1.2251756076531075,1.29,31.359388405357322,-1.286844192708184,-3.2398921721292853,1.42,3.94,"分量按时域稀疏度聚 2 组, 取更间歇者为 vocals"
Alexander Ross - Goodbye Bolero,NMF (oracle grouping),vocals,-1.2251756076531075,1.29,31.359388405357322,-1.286844192708184,-3.2398921721292853,1.42,1.35,分组用真值挑选 -> 上界参考
Alexander Ross - Goodbye Bolero,RPCA (Inexact ALM),vocals,3.408101543421722,5.92,9.819454566088492,1.7037971091207993,-1.2029855192654924,3.46,91.4,"低秩=伴奏, 稀疏=人声"
Alexander Ross - Goodbye Bolero,HPSS (percussive),drums,-0.4162075943291376,5.72,3.8484113693700333,-5.7491172526115495,-6.414753320003487,-0.19,2.01,"谐波-打击分离, 取打击分量"
Alexander Ross - Goodbye Bolero,HPSS (harmonic),vocals,-0.5328795496193,1.98,8.933093586430607,-3.1786475406942296,-5.766581890738269,-1.11,2.01,取谐波分量当人声 (对照)
Alexander Ross - Goodbye Bolero,Open-Unmix umxhq (vocals),vocals,10.284512116887601,12.8,20.216774092775683,10.37226582767767,10.394320305821637,15.06,3.84,"预训练深度模型 (CPU 推理, umxhq)"
Alexander Ross - Goodbye Bolero,Open-Unmix umxhq (drums),drums,3.731272858126686,9.87,11.35800699159371,2.8778971021091797,3.226851732157676,9.45,0.05,"预训练深度模型 (CPU 推理, umxhq)"
Alexander Ross - Velvet Curtain,Baseline: mixture (no separation),vocals,3.9512956615312267,0.0,37.71269174866724,3.9801186729000992,2.7370978862382205,0.0,0.0,"直接拿混音当估计, 用于标定各方法是否真的有效"
Alexander Ross - Velvet Curtain,Baseline: mixture (no separation),drums,,,,,-127.47958880120524,0.0,0.0,同上的鼓目标基线
Alexander Ross - Velvet Curtain,"ICA (FastICA, best of 2)",vocals,-35.15148454863392,-39.1,-34.073927269821006,5.734105478721615,4.340221440393886,1.6,0.19,盲源分离: 立体声 2ch -> 2 分量
Alexander Ross - Velvet Curtain,"NMF (unsupervised, k=50)",vocals,5.695339355017987,1.74,7.368171481799907,10.364848154633002,4.7592517907177045,2.02,3.94,"分量按时域稀疏度聚 2 组, 取更间歇者为 vocals"
Alexander Ross - Velvet Curtain,NMF (oracle grouping),vocals,5.695339355017987,1.74,7.368171481799907,10.364848154633002,4.7592517907177045,2.02,1.41,分组用真值挑选 -> 上界参考
Alexander Ross - Velvet Curtain,RPCA (Inexact ALM),vocals,6.410517009327078,2.46,10.155487393227194,5.517737602483711,4.813834855588084,2.08,63.84,"低秩=伴奏, 稀疏=人声"
Alexander Ross - Velvet Curtain,HPSS (percussive),drums,,,,,-115.36220104547004,12.12,2.05,"谐波-打击分离, 取打击分量"
Alexander Ross - Velvet Curtain,HPSS (harmonic),vocals,4.0225024851829065,0.07,13.306623960364456,3.065078914520527,1.5417583767081031,-1.2,2.08,取谐波分量当人声 (对照)
Alexander Ross - Velvet Curtain,Open-Unmix umxhq (vocals),vocals,14.630811144593256,10.68,18.997054599936803,16.72106253561599,15.85368550068047,13.12,4.34,"预训练深度模型 (CPU 推理, umxhq)"
Alexander Ross - Velvet Curtain,Open-Unmix umxhq (drums),drums,,,,,-101.51508216322961,25.96,0.05,"预训练深度模型 (CPU 推理, umxhq)"
